/*
  双链答辩演示数据
  使用方式：
  1. 先执行 sql/double_link_notes.sql 建表。
  2. 再执行本脚本导入演示用户和示例笔记。
  3. 登录账号：demo_link，密码：123456。

  演示重点：
  - 打开“登录认证模块”，可以看到它指向 Spring Security、JWT身份认证、
    MyBatis-Plus、用户表t_user、BCrypt密码加密、JwtInterceptor拦截器等出链。
  - 打开“JWT身份认证”或“Spring Security”，可以看到“登录认证模块”作为入链出现。
  - 打开知识图谱，可以看到登录功能和相关技术知识被双链关系连接起来。
  - “Redis缓存”没有对应笔记，会作为失效双链显示，便于说明后续待补充知识点。
*/

SET NAMES utf8mb4;

START TRANSACTION;

DELETE FROM t_note_history
WHERE created_by = 820260501000000001
   OR note_id IN (
      820260501000000101,
      820260501000000102,
      820260501000000103,
      820260501000000104,
      820260501000000105,
      820260501000000106,
      820260501000000107,
      820260501000000108,
      820260501000000109,
      820260501000000110,
      820260501000000111,
      820260501000000112,
      820260501000000113
   );
DELETE FROM t_note_attachment
WHERE note_id IN (
      820260501000000101,
      820260501000000102,
      820260501000000103,
      820260501000000104,
      820260501000000105,
      820260501000000106,
      820260501000000107,
      820260501000000108,
      820260501000000109,
      820260501000000110,
      820260501000000111,
      820260501000000112,
      820260501000000113
   );
DELETE FROM t_note_tag
WHERE note_id IN (
      820260501000000101,
      820260501000000102,
      820260501000000103,
      820260501000000104,
      820260501000000105,
      820260501000000106,
      820260501000000107,
      820260501000000108,
      820260501000000109,
      820260501000000110,
      820260501000000111,
      820260501000000112,
      820260501000000113
   );
DELETE FROM t_note_link WHERE knowledge_base_id = 820260501000000010;
DELETE FROM t_note_content
WHERE note_id IN (
      820260501000000101,
      820260501000000102,
      820260501000000103,
      820260501000000104,
      820260501000000105,
      820260501000000106,
      820260501000000107,
      820260501000000108,
      820260501000000109,
      820260501000000110,
      820260501000000111,
      820260501000000112,
      820260501000000113
   );
DELETE FROM t_note
WHERE id IN (
      820260501000000101,
      820260501000000102,
      820260501000000103,
      820260501000000104,
      820260501000000105,
      820260501000000106,
      820260501000000107,
      820260501000000108,
      820260501000000109,
      820260501000000110,
      820260501000000111,
      820260501000000112,
      820260501000000113
   );
DELETE FROM t_folder WHERE id = 820260501000000020 OR knowledge_base_id = 820260501000000010;
DELETE FROM t_tag WHERE knowledge_base_id = 820260501000000010;
DELETE FROM t_note_template WHERE user_id = 820260501000000001;
DELETE FROM t_user_settings WHERE user_id = 820260501000000001;
DELETE FROM t_knowledge_base WHERE id = 820260501000000010;
DELETE FROM t_user WHERE id = 820260501000000001 OR username = 'demo_link' OR email = 'demo_link@example.com';

INSERT INTO t_user
    (id, username, email, password, nickname, avatar_url, status, created_time, updated_time)
VALUES
    (820260501000000001, 'demo_link', 'demo_link@example.com',
     '$2a$10$jCOJPfYDLSxYCRV4RLvK8OIa6Sj6LGDnj4mcbTwGv2mmxCgNJ4qom',
     '双链演示用户', NULL, 1, '2026-05-01 10:00:00', '2026-05-01 10:00:00');

INSERT INTO t_user_settings
    (id, user_id, code_theme, content_theme, created_time, updated_time)
VALUES
    (820260501000000002, 820260501000000001, 'github', 'light',
     '2026-05-01 10:00:00', '2026-05-01 10:00:00');

INSERT INTO t_knowledge_base
    (id, user_id, name, description, status, delete_token, deleted_time, created_time, updated_time)
VALUES
    (820260501000000010, 820260501000000001, '答辩演示知识库',
     '通过登录认证模块说明双链在项目功能和技术知识之间的连接作用。', 1, 0, NULL,
     '2026-05-01 10:00:00', '2026-05-01 10:00:00');

INSERT INTO t_folder
    (id, knowledge_base_id, parent_id, name, status, delete_token, deleted_time, created_time, updated_time)
VALUES
    (820260501000000020, 820260501000000010, NULL, '登录认证双链案例', 1, 0, NULL,
     '2026-05-01 10:00:00', '2026-05-01 10:00:00');

INSERT INTO t_note
    (id, user_id, knowledge_base_id, folder_id, title, status, delete_token, deleted_time, created_time, updated_time)
VALUES
    (820260501000000101, 820260501000000001, 820260501000000010, 820260501000000020, '登录认证模块', 1, 0, NULL, '2026-05-01 10:01:00', '2026-05-01 10:01:00'),
    (820260501000000102, 820260501000000001, 820260501000000010, 820260501000000020, 'Spring Security', 1, 0, NULL, '2026-05-01 10:02:00', '2026-05-01 10:02:00'),
    (820260501000000103, 820260501000000001, 820260501000000010, 820260501000000020, 'JWT身份认证', 1, 0, NULL, '2026-05-01 10:03:00', '2026-05-01 10:03:00'),
    (820260501000000104, 820260501000000001, 820260501000000010, 820260501000000020, 'MyBatis-Plus', 1, 0, NULL, '2026-05-01 10:04:00', '2026-05-01 10:04:00'),
    (820260501000000105, 820260501000000001, 820260501000000010, 820260501000000020, '用户表t_user', 1, 0, NULL, '2026-05-01 10:05:00', '2026-05-01 10:05:00'),
    (820260501000000106, 820260501000000001, 820260501000000010, 820260501000000020, 'BCrypt密码加密', 1, 0, NULL, '2026-05-01 10:06:00', '2026-05-01 10:06:00'),
    (820260501000000107, 820260501000000001, 820260501000000010, 820260501000000020, 'JwtInterceptor拦截器', 1, 0, NULL, '2026-05-01 10:07:00', '2026-05-01 10:07:00'),
    (820260501000000108, 820260501000000001, 820260501000000010, 820260501000000020, '知识图谱展示', 1, 0, NULL, '2026-05-01 10:08:00', '2026-05-01 10:08:00'),
    (820260501000000109, 820260501000000001, 820260501000000010, 820260501000000020, '个人双链笔记系统总览', 1, 0, NULL, '2026-05-01 10:09:00', '2026-05-01 10:09:00'),
    (820260501000000110, 820260501000000001, 820260501000000010, 820260501000000020, '笔记编辑模块', 1, 0, NULL, '2026-05-01 10:10:00', '2026-05-01 10:10:00'),
    (820260501000000111, 820260501000000001, 820260501000000010, 820260501000000020, '双链解析机制', 1, 0, NULL, '2026-05-01 10:11:00', '2026-05-01 10:11:00'),
    (820260501000000112, 820260501000000001, 820260501000000010, 820260501000000020, 't_note_link双链关系表', 1, 0, NULL, '2026-05-01 10:12:00', '2026-05-01 10:12:00'),
    (820260501000000113, 820260501000000001, 820260501000000010, 820260501000000020, 'Vditor编辑器', 1, 0, NULL, '2026-05-01 10:13:00', '2026-05-01 10:13:00');

INSERT INTO t_note_content
    (note_id, markdown_content, created_time, updated_time)
VALUES
    (820260501000000101,
     '# 登录认证模块\n\n这篇笔记记录系统登录功能的实现过程。用户提交账号和密码后，后端基于[[Spring Security]]做安全处理，使用[[MyBatis-Plus]]查询[[用户表t_user]]中的账号数据，再通过[[BCrypt密码加密]]校验密码是否正确。登录成功后，系统生成[[JWT身份认证]]所需的Token，后续请求会经过[[JwtInterceptor拦截器]]完成身份校验。\n\n这个例子的实际意义是：登录功能不是孤立代码，它同时涉及安全框架、数据库访问、密码加密和Token校验。把这些内容写成双链后，后期复习登录模块时能快速跳到相关技术笔记；查看某个技术点时，也能反向看到它被登录功能使用到了。\n\n后续如果要优化登录性能，可以考虑加入[[Redis缓存]]。这里故意不创建对应笔记，用来演示失效双链。',
     '2026-05-01 10:01:00', '2026-05-01 10:01:00'),
    (820260501000000102,
     '# Spring Security\n\nSpring Security用于处理系统中的安全控制，本项目里主要服务于[[登录认证模块]]。登录流程中，密码校验、接口访问控制和认证状态处理都和它有关。系统也会配合[[BCrypt密码加密]]保存密码摘要，避免直接保存明文密码。\n\n打开这篇笔记时，右侧入链可以看到登录模块引用了它，这能说明技术笔记和项目功能之间存在实际关系。',
     '2026-05-01 10:02:00', '2026-05-01 10:02:00'),
    (820260501000000103,
     '# JWT身份认证\n\nJWT身份认证用于在用户登录成功后生成Token。系统把用户ID和用户名写入Token，前端保存后，在后续接口请求中携带该Token。[[登录认证模块]]负责生成Token，[[JwtInterceptor拦截器]]负责解析和校验Token。\n\n通过双链可以看出，JWT不是单独的概念笔记，而是贯穿登录和接口访问控制的关键部分。',
     '2026-05-01 10:03:00', '2026-05-01 10:03:00'),
    (820260501000000104,
     '# MyBatis-Plus\n\nMyBatis-Plus用于简化数据库访问。本系统在[[登录认证模块]]中需要根据用户名查询用户信息，这一过程会访问[[用户表t_user]]。使用MyBatis-Plus后，常见的新增、查询和更新操作能写得更简洁，也更方便和[[Spring Security]]相关业务逻辑配合。',
     '2026-05-01 10:04:00', '2026-05-01 10:04:00'),
    (820260501000000105,
     '# 用户表t_user\n\n用户表t_user用于保存用户账号、邮箱、密码摘要、昵称、头像和账户状态等数据。[[登录认证模块]]会根据用户名读取这张表，再把读取到的密码摘要交给[[BCrypt密码加密]]相关逻辑进行校验。数据库访问部分由[[MyBatis-Plus]]完成。\n\n这篇笔记的作用是把数据库设计和业务功能连接起来，避免表结构说明和系统功能说明分散在两个地方。',
     '2026-05-01 10:05:00', '2026-05-01 10:05:00'),
    (820260501000000106,
     '# BCrypt密码加密\n\nBCrypt密码加密用于保护用户密码。注册时，系统把明文密码转换为密码摘要后保存到[[用户表t_user]]；登录时，[[登录认证模块]]会把输入密码和数据库中的密码摘要进行匹配。该功能和[[Spring Security]]配合使用，可以减少明文密码泄露带来的风险。',
     '2026-05-01 10:06:00', '2026-05-01 10:06:00'),
    (820260501000000107,
     '# JwtInterceptor拦截器\n\nJwtInterceptor拦截器用于处理登录后的接口访问校验。前端请求接口时会携带Token，拦截器会解析[[JWT身份认证]]生成的Token，并判断用户身份是否有效。它和[[登录认证模块]]是一前一后的关系：登录模块负责发放Token，拦截器负责校验Token。',
     '2026-05-01 10:07:00', '2026-05-01 10:07:00'),
    (820260501000000108,
     '# 知识图谱展示\n\n知识图谱展示会把笔记作为节点，把双链关系作为边。以[[登录认证模块]]为例，它会连接到[[Spring Security]]、[[JWT身份认证]]、[[MyBatis-Plus]]、[[用户表t_user]]、[[BCrypt密码加密]]和[[JwtInterceptor拦截器]]等节点。\n\n答辩时可以说明：目录只能看出这些笔记放在同一个文件夹中，知识图谱可以看出登录功能和相关技术之间的引用关系。',
     '2026-05-01 10:08:00', '2026-05-01 10:08:00'),
    (820260501000000109,
     '# 个人双链笔记系统总览\n\n这篇笔记用来说明系统整体结构。系统主要服务于个人知识管理，核心流程包括[[笔记编辑模块]]、[[双链解析机制]]、[[知识图谱展示]]和[[登录认证模块]]。用户写笔记时，可以通过[[Vditor编辑器]]输入Markdown内容，系统会把正文中解析出来的链接保存到[[t_note_link双链关系表]]。\n\n这类写法的实际意义是：系统总览不只是概括文字，还能直接连接到每个具体模块，答辩时可以从总览笔记跳到实现细节。',
     '2026-05-01 10:09:00', '2026-05-01 10:09:00'),
    (820260501000000110,
     '# 笔记编辑模块\n\n笔记编辑模块是用户日常使用最多的部分，主要负责标题输入、正文编辑和自动保存。正文编辑使用[[Vditor编辑器]]完成，用户在内容中写入`[[笔记标题]]`后，保存时会触发[[双链解析机制]]，并把结果写入[[t_note_link双链关系表]]。\n\n这个模块和[[知识图谱展示]]也有关，因为图谱中的边并不是手动画出来的，而是由编辑后的双链关系生成。',
     '2026-05-01 10:10:00', '2026-05-01 10:10:00'),
    (820260501000000111,
     '# 双链解析机制\n\n双链解析机制负责处理正文里的`[[笔记标题]]`。当[[笔记编辑模块]]保存正文后，后端会读取Markdown内容，找出所有双链标记，再根据标题查找目标笔记，最后把源笔记、目标笔记和失效状态写入[[t_note_link双链关系表]]。\n\n如果目标笔记存在，系统会建立正常链接；如果目标笔记不存在，系统会记录为失效链接。后续[[知识图谱展示]]只展示有效边，右侧链接面板则能提示失效链接。',
     '2026-05-01 10:11:00', '2026-05-01 10:11:00'),
    (820260501000000112,
     '# t_note_link双链关系表\n\nt_note_link双链关系表用于保存笔记之间的连接关系，主要字段包括源笔记ID、目标笔记ID、目标标题、上下文摘要和失效标记。[[双链解析机制]]会向这张表写入数据，[[知识图谱展示]]会读取这张表生成图谱边。\n\n这张表能说明双链不是只在前端显示的文字效果，而是被系统作为结构化数据保存下来。',
     '2026-05-01 10:12:00', '2026-05-01 10:12:00'),
    (820260501000000113,
     '# Vditor编辑器\n\nVditor编辑器用于支持Markdown正文输入，能够满足代码块、标题、列表和普通文本编辑需求。在本系统中，用户通过[[笔记编辑模块]]使用Vditor编辑器编写内容，再通过`[[笔记标题]]`这种格式触发[[双链解析机制]]。\n\n答辩时可以说明：编辑器负责输入体验，双链解析负责关系维护，二者配合后，笔记内容才能从普通文本变成可跳转、可统计、可展示的知识网络。',
     '2026-05-01 10:13:00', '2026-05-01 10:13:00');

INSERT INTO t_tag
    (id, knowledge_base_id, name, created_time)
VALUES
    (820260501000000201, 820260501000000010, '答辩示例', '2026-05-01 10:00:00'),
    (820260501000000202, 820260501000000010, '认证安全', '2026-05-01 10:00:00'),
    (820260501000000203, 820260501000000010, '数据库访问', '2026-05-01 10:00:00'),
    (820260501000000204, 820260501000000010, '系统模块', '2026-05-01 10:00:00'),
    (820260501000000205, 820260501000000010, '双链核心', '2026-05-01 10:00:00');

INSERT INTO t_note_tag
    (id, note_id, tag_id, created_time)
VALUES
    (820260501000000301, 820260501000000101, 820260501000000204, '2026-05-01 10:00:00'),
    (820260501000000302, 820260501000000102, 820260501000000202, '2026-05-01 10:00:00'),
    (820260501000000303, 820260501000000103, 820260501000000202, '2026-05-01 10:00:00'),
    (820260501000000304, 820260501000000104, 820260501000000203, '2026-05-01 10:00:00'),
    (820260501000000305, 820260501000000105, 820260501000000203, '2026-05-01 10:00:00'),
    (820260501000000306, 820260501000000106, 820260501000000202, '2026-05-01 10:00:00'),
    (820260501000000307, 820260501000000107, 820260501000000202, '2026-05-01 10:00:00'),
    (820260501000000308, 820260501000000108, 820260501000000201, '2026-05-01 10:00:00'),
    (820260501000000309, 820260501000000109, 820260501000000204, '2026-05-01 10:00:00'),
    (820260501000000310, 820260501000000110, 820260501000000205, '2026-05-01 10:00:00'),
    (820260501000000311, 820260501000000111, 820260501000000205, '2026-05-01 10:00:00'),
    (820260501000000312, 820260501000000112, 820260501000000205, '2026-05-01 10:00:00'),
    (820260501000000313, 820260501000000113, 820260501000000205, '2026-05-01 10:00:00');

INSERT INTO t_note_link
    (id, knowledge_base_id, source_note_id, target_note_id, target_note_name, anchor_text, context_snippet, is_broken, created_time, updated_time)
VALUES
    (820260501000000401, 820260501000000010, 820260501000000101, 820260501000000102, 'Spring Security', 'Spring Security', '后端基于[[Spring Security]]做安全处理', 0, '2026-05-01 10:01:00', '2026-05-01 10:01:00'),
    (820260501000000402, 820260501000000010, 820260501000000101, 820260501000000104, 'MyBatis-Plus', 'MyBatis-Plus', '使用[[MyBatis-Plus]]查询[[用户表t_user]]中的账号数据', 0, '2026-05-01 10:01:00', '2026-05-01 10:01:00'),
    (820260501000000403, 820260501000000010, 820260501000000101, 820260501000000105, '用户表t_user', '用户表t_user', '查询[[用户表t_user]]中的账号数据', 0, '2026-05-01 10:01:00', '2026-05-01 10:01:00'),
    (820260501000000404, 820260501000000010, 820260501000000101, 820260501000000106, 'BCrypt密码加密', 'BCrypt密码加密', '通过[[BCrypt密码加密]]校验密码是否正确', 0, '2026-05-01 10:01:00', '2026-05-01 10:01:00'),
    (820260501000000405, 820260501000000010, 820260501000000101, 820260501000000103, 'JWT身份认证', 'JWT身份认证', '系统生成[[JWT身份认证]]所需的Token', 0, '2026-05-01 10:01:00', '2026-05-01 10:01:00'),
    (820260501000000406, 820260501000000010, 820260501000000101, 820260501000000107, 'JwtInterceptor拦截器', 'JwtInterceptor拦截器', '经过[[JwtInterceptor拦截器]]完成身份校验', 0, '2026-05-01 10:01:00', '2026-05-01 10:01:00'),
    (820260501000000407, 820260501000000010, 820260501000000101, NULL, 'Redis缓存', 'Redis缓存', '可以考虑加入[[Redis缓存]]', 1, '2026-05-01 10:01:00', '2026-05-01 10:01:00'),
    (820260501000000408, 820260501000000010, 820260501000000102, 820260501000000101, '登录认证模块', '登录认证模块', '主要服务于[[登录认证模块]]', 0, '2026-05-01 10:02:00', '2026-05-01 10:02:00'),
    (820260501000000409, 820260501000000010, 820260501000000102, 820260501000000106, 'BCrypt密码加密', 'BCrypt密码加密', '配合[[BCrypt密码加密]]保存密码摘要', 0, '2026-05-01 10:02:00', '2026-05-01 10:02:00'),
    (820260501000000410, 820260501000000010, 820260501000000103, 820260501000000101, '登录认证模块', '登录认证模块', '[[登录认证模块]]负责生成Token', 0, '2026-05-01 10:03:00', '2026-05-01 10:03:00'),
    (820260501000000411, 820260501000000010, 820260501000000103, 820260501000000107, 'JwtInterceptor拦截器', 'JwtInterceptor拦截器', '[[JwtInterceptor拦截器]]负责解析和校验Token', 0, '2026-05-01 10:03:00', '2026-05-01 10:03:00'),
    (820260501000000412, 820260501000000010, 820260501000000104, 820260501000000101, '登录认证模块', '登录认证模块', '本系统在[[登录认证模块]]中需要根据用户名查询用户信息', 0, '2026-05-01 10:04:00', '2026-05-01 10:04:00'),
    (820260501000000413, 820260501000000010, 820260501000000104, 820260501000000105, '用户表t_user', '用户表t_user', '这一过程会访问[[用户表t_user]]', 0, '2026-05-01 10:04:00', '2026-05-01 10:04:00'),
    (820260501000000414, 820260501000000010, 820260501000000104, 820260501000000102, 'Spring Security', 'Spring Security', '更方便和[[Spring Security]]相关业务逻辑配合', 0, '2026-05-01 10:04:00', '2026-05-01 10:04:00'),
    (820260501000000415, 820260501000000010, 820260501000000105, 820260501000000101, '登录认证模块', '登录认证模块', '[[登录认证模块]]会根据用户名读取这张表', 0, '2026-05-01 10:05:00', '2026-05-01 10:05:00'),
    (820260501000000416, 820260501000000010, 820260501000000105, 820260501000000106, 'BCrypt密码加密', 'BCrypt密码加密', '交给[[BCrypt密码加密]]相关逻辑进行校验', 0, '2026-05-01 10:05:00', '2026-05-01 10:05:00'),
    (820260501000000417, 820260501000000010, 820260501000000105, 820260501000000104, 'MyBatis-Plus', 'MyBatis-Plus', '数据库访问部分由[[MyBatis-Plus]]完成', 0, '2026-05-01 10:05:00', '2026-05-01 10:05:00'),
    (820260501000000418, 820260501000000010, 820260501000000106, 820260501000000105, '用户表t_user', '用户表t_user', '保存到[[用户表t_user]]', 0, '2026-05-01 10:06:00', '2026-05-01 10:06:00'),
    (820260501000000419, 820260501000000010, 820260501000000106, 820260501000000101, '登录认证模块', '登录认证模块', '[[登录认证模块]]会把输入密码和数据库中的密码摘要进行匹配', 0, '2026-05-01 10:06:00', '2026-05-01 10:06:00'),
    (820260501000000420, 820260501000000010, 820260501000000106, 820260501000000102, 'Spring Security', 'Spring Security', '和[[Spring Security]]配合使用', 0, '2026-05-01 10:06:00', '2026-05-01 10:06:00'),
    (820260501000000421, 820260501000000010, 820260501000000107, 820260501000000103, 'JWT身份认证', 'JWT身份认证', '解析[[JWT身份认证]]生成的Token', 0, '2026-05-01 10:07:00', '2026-05-01 10:07:00'),
    (820260501000000422, 820260501000000010, 820260501000000107, 820260501000000101, '登录认证模块', '登录认证模块', '它和[[登录认证模块]]是一前一后的关系', 0, '2026-05-01 10:07:00', '2026-05-01 10:07:00'),
    (820260501000000423, 820260501000000010, 820260501000000108, 820260501000000101, '登录认证模块', '登录认证模块', '以[[登录认证模块]]为例', 0, '2026-05-01 10:08:00', '2026-05-01 10:08:00'),
    (820260501000000424, 820260501000000010, 820260501000000108, 820260501000000102, 'Spring Security', 'Spring Security', '连接到[[Spring Security]]', 0, '2026-05-01 10:08:00', '2026-05-01 10:08:00'),
    (820260501000000425, 820260501000000010, 820260501000000108, 820260501000000103, 'JWT身份认证', 'JWT身份认证', '连接到[[JWT身份认证]]', 0, '2026-05-01 10:08:00', '2026-05-01 10:08:00'),
    (820260501000000426, 820260501000000010, 820260501000000108, 820260501000000104, 'MyBatis-Plus', 'MyBatis-Plus', '连接到[[MyBatis-Plus]]', 0, '2026-05-01 10:08:00', '2026-05-01 10:08:00'),
    (820260501000000427, 820260501000000010, 820260501000000108, 820260501000000105, '用户表t_user', '用户表t_user', '连接到[[用户表t_user]]', 0, '2026-05-01 10:08:00', '2026-05-01 10:08:00'),
    (820260501000000428, 820260501000000010, 820260501000000108, 820260501000000106, 'BCrypt密码加密', 'BCrypt密码加密', '连接到[[BCrypt密码加密]]', 0, '2026-05-01 10:08:00', '2026-05-01 10:08:00'),
    (820260501000000429, 820260501000000010, 820260501000000108, 820260501000000107, 'JwtInterceptor拦截器', 'JwtInterceptor拦截器', '连接到[[JwtInterceptor拦截器]]等节点', 0, '2026-05-01 10:08:00', '2026-05-01 10:08:00'),
    (820260501000000430, 820260501000000010, 820260501000000109, 820260501000000110, '笔记编辑模块', '笔记编辑模块', '核心流程包括[[笔记编辑模块]]', 0, '2026-05-01 10:09:00', '2026-05-01 10:09:00'),
    (820260501000000431, 820260501000000010, 820260501000000109, 820260501000000111, '双链解析机制', '双链解析机制', '核心流程包括[[笔记编辑模块]]、[[双链解析机制]]', 0, '2026-05-01 10:09:00', '2026-05-01 10:09:00'),
    (820260501000000432, 820260501000000010, 820260501000000109, 820260501000000108, '知识图谱展示', '知识图谱展示', '核心流程包括[[笔记编辑模块]]、[[双链解析机制]]、[[知识图谱展示]]', 0, '2026-05-01 10:09:00', '2026-05-01 10:09:00'),
    (820260501000000433, 820260501000000010, 820260501000000109, 820260501000000101, '登录认证模块', '登录认证模块', '核心流程包括[[笔记编辑模块]]、[[双链解析机制]]、[[知识图谱展示]]和[[登录认证模块]]', 0, '2026-05-01 10:09:00', '2026-05-01 10:09:00'),
    (820260501000000434, 820260501000000010, 820260501000000109, 820260501000000113, 'Vditor编辑器', 'Vditor编辑器', '可以通过[[Vditor编辑器]]输入Markdown内容', 0, '2026-05-01 10:09:00', '2026-05-01 10:09:00'),
    (820260501000000435, 820260501000000010, 820260501000000109, 820260501000000112, 't_note_link双链关系表', 't_note_link双链关系表', '保存到[[t_note_link双链关系表]]', 0, '2026-05-01 10:09:00', '2026-05-01 10:09:00'),
    (820260501000000436, 820260501000000010, 820260501000000110, 820260501000000113, 'Vditor编辑器', 'Vditor编辑器', '正文编辑使用[[Vditor编辑器]]完成', 0, '2026-05-01 10:10:00', '2026-05-01 10:10:00'),
    (820260501000000437, 820260501000000010, 820260501000000110, 820260501000000111, '双链解析机制', '双链解析机制', '保存时会触发[[双链解析机制]]', 0, '2026-05-01 10:10:00', '2026-05-01 10:10:00'),
    (820260501000000438, 820260501000000010, 820260501000000110, 820260501000000112, 't_note_link双链关系表', 't_note_link双链关系表', '并把结果写入[[t_note_link双链关系表]]', 0, '2026-05-01 10:10:00', '2026-05-01 10:10:00'),
    (820260501000000439, 820260501000000010, 820260501000000110, 820260501000000108, '知识图谱展示', '知识图谱展示', '这个模块和[[知识图谱展示]]也有关', 0, '2026-05-01 10:10:00', '2026-05-01 10:10:00'),
    (820260501000000440, 820260501000000010, 820260501000000111, 820260501000000110, '笔记编辑模块', '笔记编辑模块', '当[[笔记编辑模块]]保存正文后', 0, '2026-05-01 10:11:00', '2026-05-01 10:11:00'),
    (820260501000000441, 820260501000000010, 820260501000000111, 820260501000000112, 't_note_link双链关系表', 't_note_link双链关系表', '最后把源笔记、目标笔记和失效状态写入[[t_note_link双链关系表]]', 0, '2026-05-01 10:11:00', '2026-05-01 10:11:00'),
    (820260501000000442, 820260501000000010, 820260501000000111, 820260501000000108, '知识图谱展示', '知识图谱展示', '后续[[知识图谱展示]]只展示有效边', 0, '2026-05-01 10:11:00', '2026-05-01 10:11:00'),
    (820260501000000443, 820260501000000010, 820260501000000112, 820260501000000111, '双链解析机制', '双链解析机制', '[[双链解析机制]]会向这张表写入数据', 0, '2026-05-01 10:12:00', '2026-05-01 10:12:00'),
    (820260501000000444, 820260501000000010, 820260501000000112, 820260501000000108, '知识图谱展示', '知识图谱展示', '[[知识图谱展示]]会读取这张表生成图谱边', 0, '2026-05-01 10:12:00', '2026-05-01 10:12:00'),
    (820260501000000445, 820260501000000010, 820260501000000113, 820260501000000110, '笔记编辑模块', '笔记编辑模块', '用户通过[[笔记编辑模块]]使用Vditor编辑器编写内容', 0, '2026-05-01 10:13:00', '2026-05-01 10:13:00'),
    (820260501000000446, 820260501000000010, 820260501000000113, 820260501000000111, '双链解析机制', '双链解析机制', '触发[[双链解析机制]]', 0, '2026-05-01 10:13:00', '2026-05-01 10:13:00');

INSERT INTO t_note_template
    (id, user_id, name, description, template_content, created_time, updated_time)
VALUES
    (820260501000000501, 820260501000000001, '答辩演示笔记模板',
     '用于新建技术笔记时快速套用模块说明、关联知识和项目作用三部分。',
     '# 标题\n\n## 模块说明\n\n## 关联知识\n\n可以使用[[相关笔记标题]]建立双链。\n\n## 项目作用\n\n',
     '2026-05-01 10:00:00', '2026-05-01 10:00:00');

COMMIT;
